{
  "final_metrics": {
    "mean_auc": 0.6862636649877963,
    "mean_ap": 0.6978881470053051,
    "mean_accuracy": 0.6651529179527979,
    "std_auc": 0.011283597522950339,
    "std_ap": 0.012120170157292807,
    "std_accuracy": 0.00810733621863332,
    "best_val_auc": 0.6884907985470305
  },
  "experiment_config": {
    "encoding_type": "geodesic",
    "n_eigenvectors": 32,
    "canonicalize_sign": false,
    "hidden_dim": 32,
    "num_layers": 2,
    "dropout": 0.5,
    "input_dropout": 0.1,
    "learning_rate": 0.0005,
    "weight_decay": 0.0001,
    "epochs": 2000,
    "device": "cpu",
    "include_static": false
  },
  "training_info": {
    "train_snapshots": 147,
    "val_snapshots": 32,
    "test_snapshots": 32
  }
}